source	target	note
Dataflow 2/data	data	外层 data 与 Dataflow 2/data 完全一致，只保留一份
Dataflow 2/framework	workflows/dataflow2/framework	Dataflow 2 框架目录
Dataflow 2/scripts	workflows/dataflow2/scripts	Dataflow 2 脚本目录
Dataflow 2/prompt_engineering	workflows/dataflow2/prompt_engineering	Prompt 工程目录
Dataflow 2/README.md	workflows/dataflow2/README.md	Dataflow 2 说明文件
DataFlow/DataFlow	workflows/dataflow_runtime	DataFlow 框架源码，排除 .git/cache/DS_Store
DataFlow/result	results	DataFlow 生成结果，排除 DS_Store
舌诊带图书籍	source_books	原始解压书籍
舌诊带图书籍.zip	archives/舌诊带图书籍.zip	原始压缩包
